{"cameraMode":{"drawMode":0,"name":"Shaded","section":"Shading Mode"},"sceneLighting":false,"audioPlay":false,"sceneViewState":{"showFog":true,"showMaterialUpdate":false,"showSkybox":true,"showFlares":true,"showImageEffects":true,"showParticleSystems":true},"in2DMode":false,"pivot":{"x":6.409882545471191,"y":16.285865783691408,"z":-31.452136993408204},"rotation":{"x":-0.09247435629367829,"y":-0.6439221501350403,"z":0.07882492989301682,"w":-0.7553964853286743},"size":0.9544946551322937,"orthographic":false}